-- phpMyAdmin SQL Dump
-- version 4.9.5deb2
-- https://www.phpmyadmin.net/
--
-- Host: localhost:3306
-- Generation Time: Jan 02, 2023 at 12:19 AM
-- Server version: 8.0.29-0ubuntu0.20.04.3
-- PHP Version: 7.4.3

SET SQL_MODE = "NO_AUTO_VALUE_ON_ZERO";
SET AUTOCOMMIT = 0;
START TRANSACTION;
SET time_zone = "+00:00";


/*!40101 SET @OLD_CHARACTER_SET_CLIENT=@@CHARACTER_SET_CLIENT */;
/*!40101 SET @OLD_CHARACTER_SET_RESULTS=@@CHARACTER_SET_RESULTS */;
/*!40101 SET @OLD_COLLATION_CONNECTION=@@COLLATION_CONNECTION */;
/*!40101 SET NAMES utf8mb4 */;

--
-- Database: `spt`
--

-- --------------------------------------------------------

--
-- Table structure for table `admin`
--

CREATE TABLE `admin` (
  `id` int NOT NULL,
  `email` varchar(255) NOT NULL,
  `names` varchar(255) NOT NULL,
  `phone` varchar(255) NOT NULL,
  `address` varchar(255) NOT NULL,
  `password` varchar(255) NOT NULL,
  `time` datetime NOT NULL DEFAULT CURRENT_TIMESTAMP
) ENGINE=InnoDB DEFAULT CHARSET=utf8mb4 COLLATE=utf8mb4_0900_ai_ci;

--
-- Dumping data for table `admin`
--

INSERT INTO `admin` (`id`, `email`, `names`, `phone`, `address`, `password`, `time`) VALUES
(1, 'admin@gmail.com', 'KANYANGE Naila', '0788750979', 'Huye, Rwanda', '3b081fd5426c134088a9b1466ff4c224', '2022-06-17 13:58:07');

-- --------------------------------------------------------

--
-- Table structure for table `pending_withdraw`
--

CREATE TABLE `pending_withdraw` (
  `id` int NOT NULL,
  `seller` int NOT NULL,
  `amount` int NOT NULL,
  `time` datetime NOT NULL DEFAULT CURRENT_TIMESTAMP
) ENGINE=InnoDB DEFAULT CHARSET=utf8mb4 COLLATE=utf8mb4_0900_ai_ci;

--
-- Dumping data for table `pending_withdraw`
--

INSERT INTO `pending_withdraw` (`id`, `seller`, `amount`, `time`) VALUES
(3, 1, 100, '2022-11-07 16:55:11');

-- --------------------------------------------------------

--
-- Table structure for table `price`
--

CREATE TABLE `price` (
  `id` int NOT NULL,
  `price` int NOT NULL,
  `time` datetime NOT NULL DEFAULT CURRENT_TIMESTAMP
) ENGINE=InnoDB DEFAULT CHARSET=utf8mb4 COLLATE=utf8mb4_0900_ai_ci;

--
-- Dumping data for table `price`
--

INSERT INTO `price` (`id`, `price`, `time`) VALUES
(1, 1000, '2022-07-20 23:19:59');

-- --------------------------------------------------------

--
-- Table structure for table `seller`
--

CREATE TABLE `seller` (
  `id` int NOT NULL,
  `email` varchar(255) NOT NULL,
  `names` varchar(255) NOT NULL,
  `phone` varchar(255) NOT NULL,
  `address` varchar(255) NOT NULL,
  `balance` int NOT NULL DEFAULT '0',
  `password` varchar(255) NOT NULL,
  `time` datetime NOT NULL DEFAULT CURRENT_TIMESTAMP
) ENGINE=InnoDB DEFAULT CHARSET=utf8mb4 COLLATE=utf8mb4_0900_ai_ci;

--
-- Dumping data for table `seller`
--

INSERT INTO `seller` (`id`, `email`, `names`, `phone`, `address`, `balance`, `password`, `time`) VALUES
(1, 'seller@gmail.com', 'MUGISHA Aime Didier', '0788750979', 'Huye, Rwanda', 30452, '3b081fd5426c134088a9b1466ff4c224', '2022-06-17 13:58:07');

-- --------------------------------------------------------

--
-- Table structure for table `sub`
--

CREATE TABLE `sub` (
  `id` int NOT NULL,
  `amount` int NOT NULL DEFAULT '0',
  `cre` int DEFAULT NULL,
  `money` int NOT NULL,
  `user` int NOT NULL,
  `time` datetime NOT NULL DEFAULT CURRENT_TIMESTAMP
) ENGINE=InnoDB DEFAULT CHARSET=utf8mb4 COLLATE=utf8mb4_0900_ai_ci;

--
-- Dumping data for table `sub`
--

INSERT INTO `sub` (`id`, `amount`, `cre`, `money`, `user`, `time`) VALUES
(1, 1254, NULL, 200, 1, '2022-07-17 21:27:33'),
(4, 1, NULL, 1000, 5, '2022-12-09 09:41:39');

-- --------------------------------------------------------

--
-- Table structure for table `transactions`
--

CREATE TABLE `transactions` (
  `id` int NOT NULL,
  `debit` int DEFAULT NULL,
  `credit` int DEFAULT NULL,
  `seller` int DEFAULT NULL,
  `user` int DEFAULT NULL,
  `admin` int DEFAULT NULL,
  `time` datetime NOT NULL DEFAULT CURRENT_TIMESTAMP
) ENGINE=InnoDB DEFAULT CHARSET=utf8mb4 COLLATE=utf8mb4_0900_ai_ci;

--
-- Dumping data for table `transactions`
--

INSERT INTO `transactions` (`id`, `debit`, `credit`, `seller`, `user`, `admin`, `time`) VALUES
(77, 100, NULL, 1, 1, NULL, '2022-12-19 20:14:00'),
(78, 100, NULL, 1, 1, NULL, '2022-12-19 20:14:11'),
(79, 100, NULL, 1, 1, NULL, '2022-12-19 20:14:27'),
(80, 100, NULL, 1, 1, NULL, '2022-12-19 20:14:34'),
(81, 100, NULL, 1, 1, NULL, '2022-12-19 20:14:57'),
(82, 100, NULL, 1, 1, NULL, '2022-12-19 20:15:44'),
(83, 100, NULL, 1, 1, NULL, '2022-12-19 20:15:44'),
(84, 100, NULL, 1, 1, NULL, '2022-12-19 20:15:44'),
(85, 100, NULL, 1, 1, NULL, '2022-12-19 20:15:47'),
(86, 100, NULL, 1, 1, NULL, '2022-12-19 20:15:52'),
(87, 100, NULL, 1, 1, NULL, '2022-12-19 20:15:55'),
(88, NULL, NULL, 1, 1, NULL, '2022-12-19 20:16:03'),
(89, NULL, NULL, 1, 1, NULL, '2022-12-19 20:23:41'),
(90, NULL, NULL, 1, 1, NULL, '2022-12-19 20:23:49'),
(91, NULL, NULL, 1, 1, NULL, '2022-12-19 20:23:54'),
(92, NULL, NULL, 1, 1, NULL, '2022-12-19 20:23:59'),
(93, NULL, NULL, 1, 1, NULL, '2022-12-19 20:24:05'),
(94, NULL, NULL, 1, 1, NULL, '2022-12-19 20:24:10'),
(95, NULL, NULL, 1, 1, NULL, '2022-12-19 20:24:15'),
(96, NULL, NULL, 1, 1, NULL, '2022-12-19 20:24:20'),
(97, NULL, NULL, 1, 1, NULL, '2022-12-19 20:24:25'),
(98, NULL, NULL, 1, 1, NULL, '2022-12-19 20:24:30'),
(99, NULL, NULL, 1, 1, NULL, '2022-12-19 20:25:26'),
(100, NULL, NULL, 1, 1, NULL, '2022-12-19 20:25:55'),
(101, NULL, NULL, 1, 1, NULL, '2022-12-19 20:26:15'),
(102, 100, NULL, 1, 1, NULL, '2022-12-19 20:26:58'),
(103, 100, NULL, 1, 1, NULL, '2022-12-19 20:27:56'),
(104, 150, NULL, 1, 1, NULL, '2022-12-19 20:37:02'),
(105, 100, NULL, 1, 1, NULL, '2022-12-19 20:37:49'),
(106, 100, NULL, 1, 1, NULL, '2022-12-19 20:39:11'),
(107, 100, NULL, 1, 1, NULL, '2022-12-19 20:40:20'),
(108, 100, NULL, 1, 1, NULL, '2022-12-19 20:54:03'),
(109, NULL, NULL, 1, 1, NULL, '2022-12-20 13:28:35'),
(110, NULL, NULL, 1, 1, NULL, '2022-12-20 13:29:01'),
(111, 100, NULL, 1, 1, NULL, '2022-12-24 18:51:40'),
(112, 100, NULL, 1, 1, NULL, '2022-12-24 18:53:56'),
(113, 100, NULL, 1, 1, NULL, '2022-12-24 18:55:49'),
(114, 100, NULL, 1, 1, NULL, '2022-12-24 19:48:04'),
(115, 100, NULL, 1, 1, NULL, '2022-12-24 19:48:17'),
(116, 100, NULL, 1, 1, NULL, '2022-12-24 19:48:33'),
(117, 100, NULL, 1, 1, NULL, '2022-12-24 19:50:23'),
(118, 100, NULL, 1, 1, NULL, '2022-12-24 19:51:32'),
(119, 100, NULL, 1, 1, NULL, '2022-12-24 19:52:02'),
(120, 100, NULL, 1, 1, NULL, '2022-12-24 19:52:56'),
(121, 100, NULL, 1, 1, NULL, '2022-12-24 19:53:10'),
(122, 100, NULL, 1, 1, NULL, '2022-12-24 20:00:36'),
(123, 100, NULL, 1, 1, NULL, '2022-12-24 20:18:19'),
(124, 100, NULL, 1, 1, NULL, '2022-12-24 20:18:55'),
(125, 100, NULL, 1, 1, NULL, '2022-12-24 20:19:13'),
(126, 100, NULL, 1, 1, NULL, '2022-12-24 20:19:55'),
(127, 100, NULL, 1, 1, NULL, '2022-12-24 20:20:23'),
(128, 100, NULL, 1, 1, NULL, '2022-12-24 20:20:51'),
(129, 100, NULL, 1, 1, NULL, '2022-12-24 20:21:24'),
(130, 100, NULL, 1, 1, NULL, '2022-12-24 20:26:01'),
(131, 100, NULL, 1, 1, NULL, '2022-12-24 20:26:17'),
(132, 100, NULL, 1, 1, NULL, '2022-12-24 20:26:21'),
(133, 100, NULL, 1, 1, NULL, '2022-12-24 20:26:35'),
(134, 100, NULL, 1, 1, NULL, '2022-12-24 20:26:37'),
(135, 100, NULL, 1, 1, NULL, '2022-12-24 20:26:41'),
(136, 100, NULL, 1, 1, NULL, '2022-12-24 20:26:52'),
(137, 100, NULL, 1, 1, NULL, '2022-12-24 20:26:56'),
(138, 100, NULL, 1, 1, NULL, '2022-12-24 20:27:19'),
(139, 100, NULL, 1, 1, NULL, '2022-12-24 20:27:27'),
(140, 100, NULL, 1, 1, NULL, '2022-12-24 20:27:29'),
(141, 100, NULL, 1, 1, NULL, '2022-12-24 20:27:39'),
(142, 100, NULL, 1, 1, NULL, '2022-12-24 20:27:49'),
(143, 100, NULL, 1, 1, NULL, '2022-12-24 20:27:54'),
(144, 100, NULL, 1, 1, NULL, '2022-12-24 20:27:55'),
(145, 100, NULL, 1, 1, NULL, '2022-12-24 20:28:02'),
(146, 100, NULL, 1, 1, NULL, '2022-12-24 20:28:38'),
(147, 100, NULL, 1, 1, NULL, '2022-12-24 20:31:34'),
(148, 100, NULL, 1, 1, NULL, '2022-12-24 20:31:45'),
(149, 100, NULL, 1, 1, NULL, '2022-12-24 20:31:55'),
(150, 100, NULL, 1, 1, NULL, '2022-12-24 20:31:55'),
(151, 100, NULL, 1, 1, NULL, '2022-12-24 20:32:05'),
(152, 100, NULL, 1, 1, NULL, '2022-12-24 20:32:07'),
(153, 100, NULL, 1, 1, NULL, '2022-12-24 20:32:15'),
(154, 100, NULL, 1, 1, NULL, '2022-12-24 20:32:16'),
(155, 100, NULL, 1, 1, NULL, '2022-12-24 20:32:25'),
(156, 100, NULL, 1, 1, NULL, '2022-12-24 20:32:27'),
(157, 100, NULL, 1, 1, NULL, '2022-12-24 20:32:36'),
(158, 100, NULL, 1, 1, NULL, '2022-12-24 20:32:36'),
(159, 100, NULL, 1, 1, NULL, '2022-12-24 20:32:46'),
(160, 100, NULL, 1, 1, NULL, '2022-12-24 20:32:48'),
(161, 100, NULL, 1, 1, NULL, '2022-12-24 20:32:56'),
(162, 100, NULL, 1, 1, NULL, '2022-12-24 20:32:56'),
(163, 100, NULL, 1, 1, NULL, '2022-12-24 20:33:06'),
(164, 100, NULL, 1, 1, NULL, '2022-12-24 20:33:08'),
(165, 100, NULL, 1, 1, NULL, '2022-12-24 20:33:16'),
(166, 100, NULL, 1, 1, NULL, '2022-12-24 20:33:17'),
(167, 100, NULL, 1, 1, NULL, '2022-12-24 20:33:26'),
(168, 100, NULL, 1, 1, NULL, '2022-12-24 20:33:28'),
(169, 100, NULL, 1, 1, NULL, '2022-12-24 20:33:37'),
(170, 100, NULL, 1, 1, NULL, '2022-12-24 20:33:37'),
(171, 100, NULL, 1, 1, NULL, '2022-12-24 20:33:46'),
(172, 100, NULL, 1, 1, NULL, '2022-12-24 20:33:49'),
(173, 100, NULL, 1, 1, NULL, '2022-12-24 20:33:57'),
(174, 100, NULL, 1, 1, NULL, '2022-12-24 20:33:58'),
(175, 100, NULL, 1, 1, NULL, '2022-12-24 20:34:07'),
(176, 100, NULL, 1, 1, NULL, '2022-12-24 20:34:09'),
(177, 100, NULL, 1, 1, NULL, '2022-12-24 20:34:17'),
(178, 100, NULL, 1, 1, NULL, '2022-12-24 20:34:18'),
(179, 100, NULL, 1, 1, NULL, '2022-12-24 20:34:27'),
(180, 100, NULL, 1, 1, NULL, '2022-12-24 20:34:29'),
(181, 100, NULL, 1, 1, NULL, '2022-12-24 20:34:29'),
(182, 100, NULL, 1, 1, NULL, '2022-12-24 20:34:29'),
(183, 100, NULL, 1, 1, NULL, '2022-12-24 20:34:30'),
(184, 100, NULL, 1, 1, NULL, '2022-12-24 20:34:30'),
(185, 100, NULL, 1, 1, NULL, '2022-12-24 20:34:32'),
(186, 100, NULL, 1, 1, NULL, '2022-12-24 20:34:32'),
(187, 100, NULL, 1, 1, NULL, '2022-12-24 20:34:39'),
(188, 100, NULL, 1, 1, NULL, '2022-12-24 20:34:44'),
(189, 100, NULL, 1, 1, NULL, '2022-12-24 20:34:50'),
(190, 100, NULL, 1, 1, NULL, '2022-12-24 20:34:58'),
(191, 100, NULL, 1, 1, NULL, '2022-12-24 20:35:00'),
(192, 100, NULL, 1, 1, NULL, '2022-12-24 20:35:07'),
(193, 100, NULL, 1, 1, NULL, '2022-12-24 20:35:14'),
(194, 100, NULL, 1, 1, NULL, '2022-12-24 20:35:25'),
(195, 100, NULL, 1, 1, NULL, '2022-12-24 20:35:32'),
(196, 100, NULL, 1, 1, NULL, '2022-12-24 20:35:37'),
(197, 100, NULL, 1, 1, NULL, '2022-12-24 20:35:43'),
(198, 100, NULL, 1, 1, NULL, '2022-12-24 20:35:51'),
(199, 100, NULL, 1, 1, NULL, '2022-12-24 20:36:41'),
(200, 100, NULL, 1, 1, NULL, '2022-12-24 20:36:47'),
(201, 100, NULL, 1, 1, NULL, '2022-12-24 20:36:54'),
(202, 100, NULL, 1, 1, NULL, '2022-12-24 20:36:59'),
(203, 100, NULL, 1, 1, NULL, '2022-12-24 20:37:06'),
(204, 100, NULL, 1, 1, NULL, '2022-12-24 20:37:12'),
(205, 100, NULL, 1, 1, NULL, '2022-12-24 20:37:18'),
(206, 100, NULL, 1, 1, NULL, '2022-12-24 20:37:24'),
(207, 100, NULL, 1, 1, NULL, '2022-12-24 20:37:30'),
(208, 100, NULL, 1, 1, NULL, '2022-12-24 20:37:36'),
(209, 100, NULL, 1, 1, NULL, '2022-12-24 20:37:42'),
(210, 100, NULL, 1, 1, NULL, '2022-12-24 20:37:48'),
(211, 100, NULL, 1, 1, NULL, '2022-12-24 20:37:55'),
(212, 100, NULL, 1, 1, NULL, '2022-12-24 20:38:01'),
(213, 100, NULL, 1, 1, NULL, '2022-12-24 20:38:02'),
(214, 100, NULL, 1, 1, NULL, '2022-12-24 20:38:03'),
(215, 100, NULL, 1, 1, NULL, '2022-12-24 20:38:03'),
(216, 100, NULL, 1, 1, NULL, '2022-12-24 20:38:06'),
(217, 100, NULL, 1, 1, NULL, '2022-12-24 20:39:26'),
(218, 100, NULL, 1, 1, NULL, '2022-12-24 20:39:26'),
(219, 100, NULL, 1, 1, NULL, '2022-12-24 20:39:29'),
(220, 100, NULL, 1, 1, NULL, '2022-12-24 20:39:29'),
(221, 100, NULL, 1, 1, NULL, '2022-12-24 20:39:29'),
(222, 100, NULL, 1, 1, NULL, '2022-12-24 20:39:30'),
(223, 100, NULL, 1, 1, NULL, '2022-12-24 20:39:30'),
(224, 100, NULL, 1, 1, NULL, '2022-12-24 20:39:31'),
(225, 100, NULL, 1, 1, NULL, '2022-12-24 20:39:32'),
(226, 100, NULL, 1, 1, NULL, '2022-12-24 20:39:32'),
(227, 100, NULL, 1, 1, NULL, '2022-12-24 20:39:33'),
(228, 100, NULL, 1, 1, NULL, '2022-12-24 20:39:34'),
(229, 100, NULL, 1, 1, NULL, '2022-12-24 20:39:35'),
(230, 100, NULL, 1, 1, NULL, '2022-12-24 20:39:36'),
(231, 100, NULL, 1, 1, NULL, '2022-12-24 20:39:38'),
(232, 100, NULL, 1, 1, NULL, '2022-12-24 20:39:42'),
(233, 100, NULL, 1, 1, NULL, '2022-12-24 20:39:53'),
(234, 100, NULL, 1, 1, NULL, '2022-12-24 20:39:58'),
(235, 100, NULL, 1, 1, NULL, '2022-12-24 20:40:04'),
(236, 100, NULL, 1, 1, NULL, '2022-12-24 20:40:08'),
(237, 100, NULL, 1, 1, NULL, '2022-12-24 20:40:14'),
(238, 100, NULL, 1, 1, NULL, '2022-12-24 20:40:19'),
(239, 100, NULL, 1, 1, NULL, '2022-12-24 20:40:54'),
(240, 100, NULL, 1, 1, NULL, '2022-12-24 20:40:54'),
(241, 100, NULL, 1, 1, NULL, '2022-12-24 20:40:54'),
(242, 100, NULL, 1, 1, NULL, '2022-12-24 20:40:54'),
(243, 100, NULL, 1, 1, NULL, '2022-12-24 20:40:55'),
(244, 100, NULL, 1, 1, NULL, '2022-12-24 20:40:56'),
(245, 100, NULL, 1, 1, NULL, '2022-12-24 20:41:03'),
(246, 100, NULL, 1, 1, NULL, '2022-12-24 20:41:09'),
(247, 100, NULL, 1, 1, NULL, '2022-12-24 20:41:15'),
(248, 100, NULL, 1, 1, NULL, '2022-12-24 20:41:21'),
(249, 100, NULL, 1, 1, NULL, '2022-12-24 20:41:27'),
(250, 100, NULL, 1, 1, NULL, '2022-12-24 20:41:34'),
(251, 100, NULL, 1, 1, NULL, '2022-12-24 20:41:39'),
(252, 100, NULL, 1, 1, NULL, '2022-12-24 20:41:46'),
(253, 100, NULL, 1, 1, NULL, '2022-12-24 20:41:51'),
(254, 100, NULL, 1, 1, NULL, '2022-12-24 20:41:58'),
(255, 100, NULL, 1, 1, NULL, '2022-12-24 20:42:03'),
(256, 100, NULL, 1, 1, NULL, '2022-12-24 20:42:10'),
(257, 100, NULL, 1, 1, NULL, '2022-12-24 20:42:17'),
(258, 100, NULL, 1, 1, NULL, '2022-12-24 20:42:23'),
(259, 100, NULL, 1, 1, NULL, '2022-12-24 20:42:28'),
(260, 100, NULL, 1, 1, NULL, '2022-12-24 20:42:33'),
(261, 100, NULL, 1, 1, NULL, '2022-12-24 20:42:39'),
(262, 100, NULL, 1, 1, NULL, '2022-12-24 20:42:44'),
(263, 100, NULL, 1, 1, NULL, '2022-12-24 20:42:50'),
(264, 100, NULL, 1, 1, NULL, '2022-12-24 20:42:54'),
(265, 100, NULL, 1, 1, NULL, '2022-12-24 20:43:01'),
(266, 100, NULL, 1, 1, NULL, '2022-12-24 20:43:07'),
(267, 100, NULL, 1, 1, NULL, '2022-12-24 20:43:17'),
(268, 100, NULL, 1, 1, NULL, '2022-12-24 20:43:19'),
(269, 100, NULL, 1, 1, NULL, '2022-12-24 20:43:26'),
(270, 100, NULL, 1, 1, NULL, '2022-12-24 20:43:32'),
(271, 100, NULL, 1, 1, NULL, '2022-12-24 20:43:39'),
(272, 100, NULL, 1, 1, NULL, '2022-12-24 20:48:10'),
(273, 100, NULL, 1, 1, NULL, '2022-12-24 20:48:16'),
(274, 100, NULL, 1, 1, NULL, '2022-12-24 20:48:22'),
(275, 100, NULL, 1, 1, NULL, '2022-12-24 20:48:30'),
(276, 100, NULL, 1, 1, NULL, '2022-12-24 20:48:36'),
(277, 100, NULL, 1, 1, NULL, '2022-12-24 20:48:42'),
(278, 100, NULL, 1, 1, NULL, '2022-12-24 20:48:51'),
(279, 100, NULL, 1, 1, NULL, '2022-12-24 20:48:52'),
(280, 100, NULL, 1, 1, NULL, '2022-12-24 20:48:57'),
(281, 100, NULL, 1, 1, NULL, '2022-12-24 20:49:03'),
(282, 100, NULL, 1, 1, NULL, '2022-12-24 20:49:11'),
(283, 100, NULL, 1, 1, NULL, '2022-12-24 20:49:13'),
(284, 100, NULL, 1, 1, NULL, '2022-12-24 20:49:17'),
(285, 100, NULL, 1, 1, NULL, '2022-12-24 20:49:23'),
(286, 100, NULL, 1, 1, NULL, '2022-12-24 20:49:32'),
(287, 100, NULL, 1, 1, NULL, '2022-12-24 20:49:33'),
(288, 100, NULL, 1, 1, NULL, '2022-12-24 20:49:37'),
(289, 100, NULL, 1, 1, NULL, '2022-12-24 20:49:39'),
(290, 100, NULL, 1, 1, NULL, '2022-12-24 20:49:40'),
(291, 100, NULL, 1, 1, NULL, '2022-12-24 20:49:40'),
(292, 100, NULL, 1, 1, NULL, '2022-12-24 20:49:41'),
(293, 100, NULL, 1, 1, NULL, '2022-12-24 20:49:42'),
(294, 100, NULL, 1, 1, NULL, '2022-12-24 20:49:42'),
(295, 100, NULL, 1, 1, NULL, '2022-12-24 20:49:43'),
(296, 100, NULL, 1, 1, NULL, '2022-12-24 20:49:43'),
(297, 100, NULL, 1, 1, NULL, '2022-12-24 20:49:43'),
(298, 100, NULL, 1, 1, NULL, '2022-12-24 20:49:43'),
(299, 100, NULL, 1, 1, NULL, '2022-12-24 20:49:45'),
(300, 100, NULL, 1, 1, NULL, '2022-12-24 20:49:45'),
(301, 100, NULL, 1, 1, NULL, '2022-12-24 20:49:45'),
(302, 100, NULL, 1, 1, NULL, '2022-12-24 20:49:45'),
(303, 100, NULL, 1, 1, NULL, '2022-12-24 20:49:46'),
(304, 100, NULL, 1, 1, NULL, '2022-12-24 20:49:46'),
(305, 100, NULL, 1, 1, NULL, '2022-12-24 20:49:46'),
(306, 100, NULL, 1, 1, NULL, '2022-12-24 20:49:47'),
(307, 100, NULL, 1, 1, NULL, '2022-12-24 20:49:48'),
(308, 100, NULL, 1, 1, NULL, '2022-12-24 20:49:48'),
(309, 100, NULL, 1, 1, NULL, '2022-12-24 20:49:48'),
(310, 100, NULL, 1, 1, NULL, '2022-12-24 20:49:48'),
(311, 100, NULL, 1, 1, NULL, '2022-12-24 20:49:50'),
(312, 100, NULL, 1, 1, NULL, '2022-12-24 20:49:50'),
(313, 100, NULL, 1, 1, NULL, '2022-12-24 20:49:50'),
(314, 100, NULL, 1, 1, NULL, '2022-12-24 20:49:51'),
(315, 100, NULL, 1, 1, NULL, '2022-12-24 20:49:52'),
(316, 100, NULL, 1, 1, NULL, '2022-12-24 20:49:52'),
(317, 100, NULL, 1, 1, NULL, '2022-12-24 20:49:52'),
(318, 100, NULL, 1, 1, NULL, '2022-12-24 20:49:52'),
(319, 100, NULL, 1, 1, NULL, '2022-12-24 20:49:53'),
(320, 100, NULL, 1, 1, NULL, '2022-12-24 20:49:54'),
(321, 100, NULL, 1, 1, NULL, '2022-12-24 20:49:54'),
(322, 100, NULL, 1, 1, NULL, '2022-12-24 20:49:54'),
(323, 100, NULL, 1, 1, NULL, '2022-12-24 20:49:55'),
(324, 100, NULL, 1, 1, NULL, '2022-12-24 20:49:55'),
(325, 100, NULL, 1, 1, NULL, '2022-12-24 20:49:56'),
(326, 100, NULL, 1, 1, NULL, '2022-12-24 20:49:56'),
(327, 100, NULL, 1, 1, NULL, '2022-12-24 20:49:57'),
(328, 100, NULL, 1, 1, NULL, '2022-12-24 20:49:57'),
(329, 100, NULL, 1, 1, NULL, '2022-12-24 20:49:57'),
(330, 100, NULL, 1, 1, NULL, '2022-12-24 20:49:58'),
(331, 100, NULL, 1, 1, NULL, '2022-12-24 20:49:58'),
(332, 100, NULL, 1, 1, NULL, '2022-12-24 20:49:59'),
(333, 100, NULL, 1, 1, NULL, '2022-12-24 20:49:59'),
(334, 100, NULL, 1, 1, NULL, '2022-12-24 20:50:01'),
(335, 100, NULL, 1, 1, NULL, '2022-12-24 20:50:07'),
(336, 100, NULL, 1, 1, NULL, '2022-12-24 20:53:43'),
(337, 100, NULL, 1, 1, NULL, '2022-12-24 20:53:43'),
(338, 100, NULL, 1, 1, NULL, '2022-12-24 20:53:43'),
(339, 100, NULL, 1, 1, NULL, '2022-12-24 20:53:43'),
(340, 100, NULL, 1, 1, NULL, '2022-12-24 20:53:45'),
(341, 100, NULL, 1, 1, NULL, '2022-12-24 20:53:45'),
(342, 100, NULL, 1, 1, NULL, '2022-12-24 20:53:45'),
(343, 100, NULL, 1, 1, NULL, '2022-12-24 20:53:45'),
(344, 100, NULL, 1, 1, NULL, '2022-12-24 20:53:47'),
(345, 100, NULL, 1, 1, NULL, '2022-12-24 20:53:47'),
(346, 100, NULL, 1, 1, NULL, '2022-12-24 20:53:47'),
(347, 100, NULL, 1, 1, NULL, '2022-12-24 20:53:47'),
(348, 100, NULL, 1, 1, NULL, '2022-12-24 20:53:49'),
(349, 100, NULL, 1, 1, NULL, '2022-12-24 20:53:49'),
(350, 100, NULL, 1, 1, NULL, '2022-12-24 20:53:49'),
(351, 100, NULL, 1, 1, NULL, '2022-12-24 20:53:49'),
(352, 100, NULL, 1, 1, NULL, '2022-12-24 20:53:51'),
(353, 100, NULL, 1, 1, NULL, '2022-12-24 20:53:51'),
(354, 100, NULL, 1, 1, NULL, '2022-12-24 20:53:52'),
(355, 100, NULL, 1, 1, NULL, '2022-12-24 20:53:52'),
(356, 100, NULL, 1, 1, NULL, '2022-12-24 20:53:53'),
(357, 100, NULL, 1, 1, NULL, '2022-12-24 20:53:53'),
(358, 100, NULL, 1, 1, NULL, '2022-12-24 20:53:53'),
(359, 100, NULL, 1, 1, NULL, '2022-12-24 20:53:53'),
(360, 100, NULL, 1, 1, NULL, '2022-12-24 20:53:55'),
(361, 100, NULL, 1, 1, NULL, '2022-12-24 20:53:55'),
(362, 100, NULL, 1, 1, NULL, '2022-12-24 20:53:55'),
(363, 100, NULL, 1, 1, NULL, '2022-12-24 20:53:55'),
(364, 100, NULL, 1, 1, NULL, '2022-12-24 20:53:56'),
(365, 100, NULL, 1, 1, NULL, '2022-12-24 20:53:56'),
(366, 100, NULL, 1, 1, NULL, '2022-12-24 20:53:56'),
(367, 100, NULL, 1, 1, NULL, '2022-12-24 20:53:56'),
(368, 100, NULL, 1, 1, NULL, '2022-12-24 20:54:59'),
(369, 100, NULL, 1, 1, NULL, '2022-12-24 20:55:17'),
(370, 100, NULL, 1, 1, NULL, '2022-12-24 20:55:27'),
(371, 100, NULL, 1, 1, NULL, '2022-12-24 20:55:37'),
(372, 100, NULL, 1, 1, NULL, '2022-12-24 20:55:47'),
(373, 100, NULL, 1, 1, NULL, '2022-12-24 20:55:57'),
(374, 100, NULL, 1, 1, NULL, '2022-12-24 20:56:07'),
(375, 100, NULL, 1, 1, NULL, '2022-12-24 20:56:17'),
(376, 100, NULL, 1, 1, NULL, '2022-12-24 20:56:27'),
(377, 100, NULL, 1, 1, NULL, '2022-12-24 20:56:37'),
(378, 100, NULL, 1, 1, NULL, '2022-12-24 20:56:47'),
(379, 100, NULL, 1, 1, NULL, '2022-12-24 20:56:57'),
(380, 100, NULL, 1, 1, NULL, '2022-12-24 20:57:07'),
(381, 100, NULL, 1, 1, NULL, '2022-12-24 20:57:17'),
(382, 100, NULL, 1, 1, NULL, '2022-12-24 20:57:28'),
(383, 100, NULL, 1, 1, NULL, '2022-12-24 20:57:38'),
(384, 100, NULL, 1, 1, NULL, '2022-12-24 20:57:48'),
(385, 100, NULL, 1, 1, NULL, '2022-12-24 20:57:53'),
(386, 100, NULL, 1, 1, NULL, '2022-12-24 20:57:54'),
(387, 100, NULL, 1, 1, NULL, '2022-12-24 20:58:01'),
(388, 100, NULL, 1, 1, NULL, '2022-12-24 21:00:29'),
(389, 100, NULL, 1, 1, NULL, '2022-12-24 21:00:39'),
(390, 100, NULL, 1, 1, NULL, '2022-12-24 21:00:49'),
(391, 100, NULL, 1, 1, NULL, '2022-12-24 21:00:50'),
(392, 100, NULL, 1, 1, NULL, '2022-12-24 21:00:59'),
(393, 100, NULL, 1, 1, NULL, '2022-12-24 21:01:00'),
(394, 100, NULL, 1, 1, NULL, '2022-12-24 21:01:10'),
(395, 100, NULL, 1, 1, NULL, '2022-12-24 21:01:10'),
(396, 100, NULL, 1, 1, NULL, '2022-12-24 21:01:20'),
(397, 100, NULL, 1, 1, NULL, '2022-12-24 21:01:20'),
(398, 100, NULL, 1, 1, NULL, '2022-12-24 21:01:30'),
(399, 100, NULL, 1, 1, NULL, '2022-12-24 21:01:30'),
(400, 100, NULL, 1, 1, NULL, '2022-12-24 21:01:40'),
(401, 100, NULL, 1, 1, NULL, '2022-12-24 21:01:40'),
(402, 100, NULL, 1, 1, NULL, '2022-12-24 21:01:50'),
(403, 100, NULL, 1, 1, NULL, '2022-12-24 21:01:50'),
(404, 100, NULL, 1, 1, NULL, '2022-12-24 21:02:00'),
(405, 100, NULL, 1, 1, NULL, '2022-12-24 21:02:01'),
(406, 100, NULL, 1, 1, NULL, '2022-12-24 21:02:11'),
(407, 100, NULL, 1, 1, NULL, '2022-12-24 21:02:11'),
(408, 100, NULL, 1, 1, NULL, '2022-12-24 21:02:13'),
(409, 100, NULL, 1, 1, NULL, '2022-12-24 21:02:15'),
(410, 100, NULL, 1, 1, NULL, '2022-12-24 21:02:15'),
(411, 100, NULL, 1, 1, NULL, '2022-12-24 21:02:16'),
(412, 100, NULL, 1, 1, NULL, '2022-12-24 21:02:18'),
(413, 100, NULL, 1, 1, NULL, '2022-12-24 21:02:22'),
(414, 100, NULL, 1, 1, NULL, '2022-12-24 21:02:42'),
(415, 100, NULL, 1, 1, NULL, '2022-12-24 21:02:50'),
(416, 100, NULL, 1, 1, NULL, '2022-12-24 21:07:25'),
(417, 100, NULL, 1, 1, NULL, '2022-12-24 21:12:14'),
(418, 100, NULL, 1, 1, NULL, '2022-12-24 21:13:27'),
(419, 100, NULL, 1, 1, NULL, '2022-12-24 21:17:06'),
(420, 100, NULL, 1, 1, NULL, '2022-12-24 21:23:23'),
(421, 100, NULL, 1, 1, NULL, '2022-12-24 21:24:37'),
(422, NULL, 100, NULL, 1, NULL, '2022-12-24 21:28:38'),
(423, NULL, 100, NULL, 1, NULL, '2022-12-24 21:30:08'),
(424, NULL, 100, NULL, 1, NULL, '2022-12-24 21:31:08'),
(425, NULL, 100, NULL, 1, NULL, '2022-12-24 21:34:27'),
(426, NULL, 100, NULL, 1, NULL, '2022-12-24 21:34:47'),
(427, NULL, 200, NULL, 5, NULL, '2022-12-24 22:45:07'),
(428, 100, NULL, 1, 1, NULL, '2022-12-25 03:17:42'),
(429, 100, NULL, 1, 1, NULL, '2022-12-25 03:17:47'),
(430, 100, NULL, 1, 1, NULL, '2022-12-25 03:18:03'),
(431, 100, NULL, 1, 1, NULL, '2022-12-25 03:18:16'),
(432, 100, NULL, 1, 1, NULL, '2022-12-25 03:18:20'),
(433, 100, NULL, 1, 1, NULL, '2022-12-25 03:19:14'),
(434, NULL, 100, NULL, 1, NULL, '2022-12-25 03:19:55'),
(435, NULL, 100, NULL, 1, NULL, '2022-12-25 03:20:11'),
(436, NULL, 100, NULL, 1, NULL, '2022-12-25 03:20:19'),
(437, NULL, 100, NULL, 1, NULL, '2022-12-25 03:20:28'),
(438, NULL, 100, NULL, 1, NULL, '2022-12-25 03:21:00'),
(439, NULL, 100, NULL, 1, NULL, '2022-12-25 03:21:14'),
(440, NULL, 100, NULL, 1, NULL, '2022-12-25 03:22:39'),
(441, NULL, 100, NULL, 1, NULL, '2022-12-25 03:22:44'),
(442, NULL, 100, NULL, 1, NULL, '2022-12-25 03:22:49'),
(443, NULL, 100, NULL, 1, NULL, '2022-12-25 03:23:12'),
(444, 100, NULL, 1, 1, NULL, '2022-12-25 03:23:56'),
(445, 100, NULL, 1, 1, NULL, '2022-12-25 03:24:10'),
(446, 100, NULL, 1, 1, NULL, '2022-12-25 03:24:39'),
(447, 100, NULL, 1, 1, NULL, '2022-12-25 03:25:11'),
(448, 100, NULL, 1, 1, NULL, '2022-12-25 03:25:26'),
(449, 100, NULL, 1, 1, NULL, '2022-12-25 03:25:31'),
(450, 100, NULL, 1, 1, NULL, '2022-12-25 03:25:36'),
(451, 100, NULL, 1, 1, NULL, '2022-12-25 03:25:49'),
(452, 100, NULL, 1, 1, NULL, '2022-12-25 03:27:03'),
(453, 100, NULL, 1, 1, NULL, '2022-12-25 03:27:11'),
(454, 100, NULL, 1, 1, NULL, '2022-12-25 03:27:25'),
(455, 100, NULL, 1, 1, NULL, '2022-12-25 03:27:43'),
(456, 100, NULL, 1, 1, NULL, '2022-12-25 09:11:26'),
(457, 100, NULL, 1, 1, NULL, '2022-12-25 09:11:36'),
(458, 100, NULL, 1, 1, NULL, '2022-12-25 09:11:47'),
(459, 100, NULL, 1, 1, NULL, '2022-12-25 09:11:57'),
(460, 100, NULL, 1, 1, NULL, '2022-12-25 09:12:14'),
(461, 100, NULL, 1, 1, NULL, '2022-12-25 09:12:24'),
(462, 100, NULL, 1, 1, NULL, '2022-12-25 09:12:34'),
(463, 100, NULL, 1, 1, NULL, '2022-12-25 09:12:44'),
(464, 100, NULL, 1, 1, NULL, '2022-12-25 09:12:54'),
(465, 100, NULL, 1, 1, NULL, '2022-12-25 09:13:04'),
(466, 100, NULL, 1, 1, NULL, '2022-12-25 09:13:14'),
(467, 100, NULL, 1, 1, NULL, '2022-12-25 09:13:24'),
(468, 100, NULL, 1, 1, NULL, '2022-12-25 09:13:34'),
(469, 100, NULL, 1, 1, NULL, '2022-12-25 09:13:44'),
(470, 100, NULL, 1, 1, NULL, '2022-12-25 09:13:54'),
(471, 100, NULL, 1, 1, NULL, '2022-12-25 09:14:04'),
(472, 100, NULL, 1, 1, NULL, '2022-12-25 09:14:14'),
(473, 100, NULL, 1, 1, NULL, '2022-12-25 09:14:24'),
(474, 100, NULL, 1, 1, NULL, '2022-12-25 09:14:34'),
(475, 100, NULL, 1, 1, NULL, '2022-12-25 09:14:44'),
(476, 100, NULL, 1, 1, NULL, '2022-12-25 09:14:54'),
(477, 100, NULL, 1, 1, NULL, '2022-12-25 09:15:04'),
(478, 100, NULL, 1, 1, NULL, '2022-12-25 09:15:14'),
(479, 100, NULL, 1, 1, NULL, '2022-12-25 09:15:24'),
(480, 100, NULL, 1, 1, NULL, '2022-12-25 09:15:34'),
(481, 100, NULL, 1, 1, NULL, '2022-12-25 09:15:44'),
(482, 100, NULL, 1, 1, NULL, '2022-12-25 09:15:54'),
(483, 100, NULL, 1, 1, NULL, '2022-12-25 09:16:04'),
(484, 100, NULL, 1, 1, NULL, '2022-12-25 09:16:14'),
(485, 100, NULL, 1, 1, NULL, '2022-12-25 09:16:24'),
(486, 100, NULL, 1, 1, NULL, '2022-12-25 09:16:34'),
(487, 100, NULL, 1, 1, NULL, '2022-12-25 09:16:44'),
(488, 100, NULL, 1, 1, NULL, '2022-12-25 09:16:54'),
(489, 100, NULL, 1, 1, NULL, '2022-12-25 09:17:04'),
(490, 100, NULL, 1, 1, NULL, '2022-12-25 09:17:14'),
(491, 100, NULL, 1, 1, NULL, '2022-12-25 09:17:24'),
(492, 100, NULL, 1, 1, NULL, '2022-12-25 09:17:34'),
(493, 100, NULL, 1, 1, NULL, '2022-12-25 09:17:56'),
(494, 100, NULL, 1, 1, NULL, '2022-12-25 09:18:06'),
(495, 100, NULL, 1, 1, NULL, '2022-12-25 09:18:16'),
(496, 100, NULL, 1, 1, NULL, '2022-12-25 09:18:26'),
(497, 100, NULL, 1, 1, NULL, '2022-12-25 09:18:36'),
(498, 100, NULL, 1, 1, NULL, '2022-12-25 09:18:46'),
(499, 100, NULL, 1, 1, NULL, '2022-12-25 09:18:56'),
(500, 100, NULL, 1, 1, NULL, '2022-12-25 09:19:06'),
(501, 100, NULL, 1, 1, NULL, '2022-12-25 09:19:16'),
(502, 100, NULL, 1, 1, NULL, '2022-12-25 09:19:26'),
(503, 100, NULL, 1, 1, NULL, '2022-12-25 09:19:36'),
(504, 100, NULL, 1, 1, NULL, '2022-12-25 09:19:46'),
(505, 100, NULL, 1, 1, NULL, '2022-12-25 09:19:56'),
(506, 100, NULL, 1, 1, NULL, '2022-12-25 09:20:06'),
(507, 100, NULL, 1, 1, NULL, '2022-12-25 09:20:16'),
(508, 100, NULL, 1, 1, NULL, '2022-12-25 09:20:26'),
(509, 100, NULL, 1, 1, NULL, '2022-12-25 09:20:36'),
(510, 100, NULL, 1, 1, NULL, '2022-12-25 09:20:46'),
(511, 100, NULL, 1, 1, NULL, '2022-12-25 09:20:56'),
(512, 100, NULL, 1, 1, NULL, '2022-12-25 09:21:06'),
(513, 100, NULL, 1, 1, NULL, '2022-12-25 09:21:10'),
(514, 100, NULL, 1, 1, NULL, '2022-12-25 10:01:38'),
(515, 100, NULL, 1, 1, NULL, '2022-12-25 10:01:49'),
(516, 100, NULL, 1, 1, NULL, '2022-12-25 10:01:56'),
(517, 100, NULL, 1, 1, NULL, '2022-12-25 10:03:51'),
(518, 100, NULL, 1, 1, NULL, '2022-12-25 10:03:57'),
(519, 100, NULL, 1, 1, NULL, '2022-12-25 10:04:04'),
(520, 100, NULL, 1, 1, NULL, '2022-12-25 10:05:56'),
(521, 100, NULL, 1, 1, NULL, '2022-12-25 10:06:02'),
(522, 100, NULL, 1, 1, NULL, '2022-12-25 10:08:35'),
(523, 100, NULL, 1, 1, NULL, '2022-12-25 10:08:42'),
(524, 100, NULL, 1, 1, NULL, '2022-12-25 10:09:48'),
(525, 100, NULL, 1, 1, NULL, '2022-12-25 10:09:59'),
(526, 100, NULL, 1, 1, NULL, '2022-12-25 10:10:05'),
(527, 100, NULL, 1, 1, NULL, '2022-12-25 18:25:30'),
(528, 100, NULL, 1, 1, NULL, '2022-12-25 19:03:57'),
(529, 100, NULL, 1, 1, NULL, '2022-12-25 19:21:49');

-- --------------------------------------------------------

--
-- Table structure for table `user`
--

CREATE TABLE `user` (
  `id` int NOT NULL,
  `names` varchar(255) NOT NULL,
  `card` varchar(255) NOT NULL,
  `email` varchar(255) NOT NULL,
  `phone` varchar(255) NOT NULL DEFAULT '0',
  `balance` int NOT NULL,
  `time` datetime NOT NULL DEFAULT CURRENT_TIMESTAMP
) ENGINE=InnoDB DEFAULT CHARSET=utf8mb4 COLLATE=utf8mb4_0900_ai_ci;

--
-- Dumping data for table `user`
--

INSERT INTO `user` (`id`, `names`, `card`, `email`, `phone`, `balance`, `time`) VALUES
(1, 'MUGISHA Aime Didier', '123', 'aimedidiermugisha@gmail.com', '0788750979', 710, '2022-06-25 22:23:06'),
(5, 'KANYANGE Nailla', '01 1F 5B 1C', 'knailla@gmail.com', '0782221954', 800, '2022-08-17 21:02:32');

--
-- Indexes for dumped tables
--

--
-- Indexes for table `admin`
--
ALTER TABLE `admin`
  ADD PRIMARY KEY (`id`),
  ADD UNIQUE KEY `email` (`email`);

--
-- Indexes for table `pending_withdraw`
--
ALTER TABLE `pending_withdraw`
  ADD PRIMARY KEY (`id`);

--
-- Indexes for table `price`
--
ALTER TABLE `price`
  ADD PRIMARY KEY (`id`);

--
-- Indexes for table `seller`
--
ALTER TABLE `seller`
  ADD PRIMARY KEY (`id`),
  ADD UNIQUE KEY `email` (`email`);

--
-- Indexes for table `sub`
--
ALTER TABLE `sub`
  ADD PRIMARY KEY (`id`),
  ADD KEY `user` (`user`);

--
-- Indexes for table `transactions`
--
ALTER TABLE `transactions`
  ADD PRIMARY KEY (`id`),
  ADD KEY `seller` (`seller`),
  ADD KEY `user` (`user`),
  ADD KEY `admin` (`admin`);

--
-- Indexes for table `user`
--
ALTER TABLE `user`
  ADD PRIMARY KEY (`id`),
  ADD UNIQUE KEY `email` (`email`),
  ADD UNIQUE KEY `card` (`card`);

--
-- AUTO_INCREMENT for dumped tables
--

--
-- AUTO_INCREMENT for table `admin`
--
ALTER TABLE `admin`
  MODIFY `id` int NOT NULL AUTO_INCREMENT, AUTO_INCREMENT=2;

--
-- AUTO_INCREMENT for table `pending_withdraw`
--
ALTER TABLE `pending_withdraw`
  MODIFY `id` int NOT NULL AUTO_INCREMENT, AUTO_INCREMENT=4;

--
-- AUTO_INCREMENT for table `price`
--
ALTER TABLE `price`
  MODIFY `id` int NOT NULL AUTO_INCREMENT, AUTO_INCREMENT=2;

--
-- AUTO_INCREMENT for table `seller`
--
ALTER TABLE `seller`
  MODIFY `id` int NOT NULL AUTO_INCREMENT, AUTO_INCREMENT=4;

--
-- AUTO_INCREMENT for table `sub`
--
ALTER TABLE `sub`
  MODIFY `id` int NOT NULL AUTO_INCREMENT, AUTO_INCREMENT=5;

--
-- AUTO_INCREMENT for table `transactions`
--
ALTER TABLE `transactions`
  MODIFY `id` int NOT NULL AUTO_INCREMENT, AUTO_INCREMENT=530;

--
-- AUTO_INCREMENT for table `user`
--
ALTER TABLE `user`
  MODIFY `id` int NOT NULL AUTO_INCREMENT, AUTO_INCREMENT=6;
COMMIT;

/*!40101 SET CHARACTER_SET_CLIENT=@OLD_CHARACTER_SET_CLIENT */;
/*!40101 SET CHARACTER_SET_RESULTS=@OLD_CHARACTER_SET_RESULTS */;
/*!40101 SET COLLATION_CONNECTION=@OLD_COLLATION_CONNECTION */;
